,breed,rank,imgs,urls,intro,Affectionate with Family,Amount of Shedding,General Health,Potential for Playfulness,Kid-Friendly,Easy to Groom,Intelligence,Pet Friendly
0,Abyssinian,10,https://cattime.com/assets/uploads/2011/12/file_2678_Abyssinian-cat-breed.jpg,https://cattime.com/cat-breeds/abyssinian-cats,"A love of heights is a signal trait of the Abyssinian. He likes to be as high up as possible and will appreciate having one or more ceiling-height cat trees.See all Abyssinian characteristics below! Abyssinian Cat Breed Information, Pictures, Characteristics & FactsInitiate Gallery ",3,3,2,5,5,3,5,5
1,Aegean,50,https://cattime.com/assets/uploads/2019/11/aegean-cat-breed-pictures-cover.jpg,https://cattime.com/cat-breeds/aegean,"The Aegean is a natural cat breed cat, which means they developed without the need for human intervention. Fans of the breed recognize these felines as smart, energetic, and friendly companions.You can find these cats in shelters and breed specific rescues, so remember to always adopt! Don’t shop if you’re looking to add one of these cats to your home!The Aegean is a great family cat, with their social disposition credited to their history as one of the oldest ever domestic cat breeds around. They’re brave and intelligent kitties who get on well with kids. Although, as the breed isn’t afraid of water, it’s not normally a great idea to adopt a cat of this breed if you have a fish tank at home.See all Aegean cat breed characteristics below!Aegean Cat Breed Pictures Aegean Cat Breed Pictures, Characteristics, & FactsInitiate Gallery Additional articles that will interest you:Best Cat NamesKittens & What To ExpectBrain Games For Your CatIndoor Exercise For CatsCat ToysCat CarriersChoosing A VeterinarianCat Food And Nutrition",5,3,4,4,4,5,4,4
2,American Bobtail,41,https://cattime.com/assets/uploads/2011/12/file_2738_american-bobtail-460x290-460x290.jpg,https://cattime.com/cat-breeds/american-bobtail-cats,"With his short tail, tufted ears and toes, and powerful body, the American Bobtail has a distinctively wild look.See all American Bobtail characteristics below! American Bobtail Cat Breed Information, Pictures, Characteristics & FactsInitiate Gallery ",4,4,4,4,3,4,4,3
3,American Curl,25,https://cattime.com/assets/uploads/2011/12/file_2714_american-curl-460x290-460x290.jpg,https://cattime.com/cat-breeds/american-curl-cats,"The Curl stands out for his distinctively shaped ears, but even without them he is a striking cat with a sweet expression.See all American Curl characteristics below! American Curl Cat Breed Information, Pictures, Characteristics & FactsInitiate Gallery ",5,4,5,4,5,4,4,4
4,American Shorthair,6,https://cattime.com/assets/uploads/2011/12/file_2716_American-Shorthair-cat-bree-460x290.jpg,https://cattime.com/cat-breeds/american-shorthair,"The adaptable and good-natured American Shorthair retains his hunting ability, but these days he is more likely to be a family companion.See all American Shorthair characteristics below!  American Shorthair Cat Breed Information, Pictures, Characteristics & FactsInitiate Gallery ",3,3,4,2,4,4,4,4
5,American Wirehair,45,https://cattime.com/assets/uploads/2011/12/file_2740_american-wirehair-460x290-460x290.jpg,https://cattime.com/cat-breeds/american-wirehair-cats,"Sproing! That’s not the typical reaction we expect when we pet a cat, but his springy, resilient coat is part and parcel of the American Wirehair’s charm and good looks.See all American Wirehair characteristics below! American Wirehair Cat Breed Information, Pictures, Characteristics & FactsInitiate Gallery ",4,3,5,3,4,3,5,4
6,Aphrodite Giant,50,https://cattime.com/assets/uploads/2019/12/aphrodite-giant-cat-breed-pictures-cover.jpg,https://cattime.com/cat-breeds/aphrodite-giant,"The Aphrodite Giant is a natural cat breed, which means they developed without the need for human intervention. These felines are known for being gentle, loving, and intelligent.You may find these cats in shelters and breed specific rescues, so remember to always adopt! Don’t shop if you’re looking to add one of these sweet kitties to your home!The Aphrodite Giant is a large and muscular looking cat. But despite their athletic stature, they’re a total sweetheart. The breed makes an excellent family pet and loves being around children. Although, being such a sociable cat means they don’t do well left alone for long periods of time. Ensure that your kitty has a feline friend or humans around for most of the day.See all Aphrodite Giant cat breed characteristics below!Aphrodite Giant Cat Breed Pictures Aphrodite Giant Cat Breed Pictures, Characteristics, & FactsInitiate Gallery Additional articles that will interest you:Best Cat NamesKittens & What To ExpectBrain Games For Your CatIndoor Exercise For CatsCat ToysCat CarriersChoosing A VeterinarianCat Food And Nutrition",4,4,3,4,2,5,4,2
7,Arabian Mau,50,https://cattime.com/assets/uploads/2020/01/arabian-mau-cat-breed-pictures-cover.jpg,https://cattime.com/cat-breeds/arabian-mau,"The Arabian Mau is a natural cat breed cat, which means they developed without the need for human intervention. These felines are known for being energetic, sociable, and playful.You may find these cats in shelters and breed specific rescues, so remember to always adopt! Don’t shop if you’re looking to add one of these kitties to your home!The Arabian Mau hails from the desert regions of the world. These are athletic and sporty felines who stay active and crave play sessions. They’re friendly and trusting, so they quickly bond with the humans in their life; although, they definitely demand a lot of attention. They really need to live with a family where there are always people around to interact with.See all Arabian Mau cat breed characteristics below!Arabian Mau Cat Breed Pictures Arabian Mau Cat Breed Pictures, Characteristics, & FactsInitiate Gallery Additional articles that will interest you:Best Cat NamesKittens & What To ExpectBrain Games For Your CatIndoor Exercise For CatsCat ToysCat CarriersChoosing A VeterinarianCat Food And Nutrition",4,2,4,4,3,4,4,5
8,Asian,50,https://cattime.com/assets/uploads/2020/03/asian-cat-breed-pictures-cover.jpg,https://cattime.com/cat-breeds/asian,"The Asian is a mixed breed cat–a cross between the Lilac Burmese and the Chinchilla Persian. They may also have ancestry from the Bombay, Burmilla, and Tiffanie breeds. These felines are known for being social, inquisitive, and active.You may find these cats in shelters and rescues, so remember to adopt! Don’t shop if you’re looking to add this mixed breed feline to your home!Asian cats are friendly and curious and make for wonderful family pets. But before you bring one of these kitties home, know that they don’t do well when left alone all day long. That’s because they want to be around their humans all the time.See all Asian mixed cat breed characteristics below!Asian Mixed Cat Breed Pictures Asian Mixed Cat Breed Pictures, Characteristics, & FactsInitiate Gallery More articles that will interest you:Best Cat NamesKittens & What To ExpectBrain Games For Your CatIndoor Exercise For CatsCat ToysCat CarriersChoosing A VeterinarianCat Food And Nutrition",5,1,4,4,4,5,4,3
9,Australian Mist,50,https://cattime.com/assets/uploads/2020/01/australian-mist-mixed-cat-breed-pictures-cover.jpg,https://cattime.com/cat-breeds/australian-mist,"The Australian Mist is a mixed breed cat–a cross between over 30 cat breeds that predominantly include the Burmese, Abyssinian, and Australian Shorthair breeds. Friendly, loving, and energetic, these cats inherited some of the best traits from all of their parents.Australian Mists were originally known as Spotted Mist cats. You may find them in shelters and rescues, so remember to always adopt! Don’t shop if you’re looking to add one of these cats to your home!The Australian Mist was bred be a feline who’s totally happy with always living indoors. They’re loving and tolerant, and make for ideal family pets. They can also adapt to just about any household size. Children and Australian Mists are a great mix!See all Australian Mist mixed cat breed characteristics below!Australian Mist Mixed Cat Breed Pictures Australian Mist Mixed Cat Breed Pictures, Characteristics, & FactsInitiate Gallery Additional articles that will interest you:Best Cat NamesKittens & What To ExpectBrain Games For Your CatIndoor Exercise For CatsCat ToysCat CarriersChoosing A VeterinarianCat Food And Nutrition",5,2,4,4,2,4,3,4
10,Balinese,30,https://cattime.com/assets/uploads/2011/12/file_2734_balinese-460x290-460x290.jpg,https://cattime.com/cat-breeds/balinese-cats,"Named for the exotically graceful dancers on the Indonesian island of Bali, the Balinese is a longhaired variety of Siamese.See all Balinese characteristics below! Balinese Cat Breed Information, Pictures, Characteristics & FactsInitiate Gallery ",4,3,2,4,1,4,4,4
11,Bambino,50,https://cattime.com/assets/uploads/2020/01/bambino-mixed-cat-breed-pictures-cover.jpg,https://cattime.com/cat-breeds/bambino,"The Bambino is a mixed breed cat–a cross between the Sphynx and what are known as Munchkin cats. Fans of these felines love them for their playful, energetic, and affectionate personalities.You may find these cats in shelters and breed specific rescues, so remember to always adopt! Don’t shop if you’re looking to add one of these kitties your home!The Bambino is a miniature cat–a type of feline sometimes called a dwarf breed. But despite their small size, this is one social and outgoing cat! In fact, you’ll need to be able to lavish them with attention and play time if you’re going to get the best out of the breed. Naturally, due to the cat’s playful nature, they’re great living in a house with kids.See all Bambino mixed cat breed characteristics below!Bambino Mixed Cat Breed Pictures Bambino Mixed Cat Breed Pictures, Characteristics, & FactsInitiate Gallery Additional articles that will interest you:Best Cat NamesKittens & What To ExpectBrain Games For Your CatIndoor Exercise For CatsCat ToysCat CarriersChoosing A VeterinarianCat Food And Nutrition",4,1,3,4,3,4,3,2
12,Bengal Cats,16,https://cattime.com/assets/uploads/2011/12/file_2706_bengal-cat-breed-picture.jpg,https://cattime.com/cat-breeds/bengal-cats,"The Bengal could never be called delicate. They’re athletes: agile and graceful with a strong, muscular body, as befits a cat who looks as if they belong in the jungle.Despite their wild appearance, Bengal cats are actually quite affectionate with their human families. That said, they also have high energy and a fun-loving, playful side. They want to stay active and need a home that can match their energy.If you can fulfill the Bengal’s need for exercise, you’ll have a smart, loving cat who can keep you on your toes.Read below for a complete list of Bengal cat breed characteristics!Bengal Cat Breed Pictures Bengal Cat Breed Information, Pictures, Behavior and CareInitiate Gallery Additional articles that will interest you:Best Cat NamesKittens & What To ExpectBrain Games For Your CatIndoor Exercise For CatsCat ToysCat CarriersChoosing A VeterinarianCat Food And Nutrition",5,2,3,5,2,5,3,4
13,Birman,20,https://cattime.com/assets/uploads/2011/12/file_2708_birman-460x290-460x290.jpg,https://cattime.com/cat-breeds/birman-cats,"The Birman communicates in a soft voice, mainly to remind you that perhaps it’s time for dinner or maybe for a nice cuddle on the sofa.See all Birman Cat characteristics below! Birman Cat Breed Information, Pictures, Characteristics & FactsInitiate Gallery ",5,3,2,4,4,5,2,4
14,Bombay,37,https://cattime.com/assets/uploads/2011/12/file_2756_Bombay-cat-breed.jpg,https://cattime.com/cat-breeds/bombay-cats,"The Bombay is a smart cat who loves to play and will thrive with a family who is willing to teach tricks, play games, and provide plenty of interactive toys.See all Bombay characteristics below!Bombay Cat Breed Pictures Bombay Cat Breed Information, Pictures, Characteristics & FactsInitiate Gallery Additional articles you will be interested in:Best Cat NamesKittens & What To ExpectBrain Games For Your CatIndoor Exercise For CatsCat ToysCat CarriersChoosing A VeterinarianCat Food And Nutrition",4,2,4,4,3,4,4,4
15,Brazilian Shorthair,50,https://cattime.com/assets/uploads/2019/12/brazilian-shorthair-cat-breed-pictures-cover.jpg,https://cattime.com/cat-breeds/brazilian-shorthair,"The Brazilian Shorthair is a purebred cat from, as you may have guessed, Brazil. These felines are known for being smart, affectionate, and energetic.You can find Brazilian Shorthairs in shelters and rescues, so remember to always adopt! Don’t shop if you’re looking to add one of these cats to your home!The Brazilian Shorthair has roots going back to the everyday street cats of Brazil. This is a charismatic and outgoing feline who’s happy to engage in human interaction. These cats have lots of street smarts and are very curious creatures, so you’ll need to be able to provide a home environment that’s full of playtime with room to explore.See all Brazilian Shorthair cat breed characteristics below!Brazilian Shorthair Cat Breed Pictures Brazilian Shorthair Cat Breed Pictures, Characteristics, & FactsInitiate Gallery Additional articles that will interest you:Best Cat NamesKittens & What To ExpectBrain Games For Your CatIndoor Exercise For CatsCat ToysCat CarriersChoosing A VeterinarianCat Food And Nutrition",4,1,3,4,3,5,4,4
16,British Longhair,50,https://cattime.com/assets/uploads/2020/01/british-longhair-mixed-cat-breed-pictures-cover.jpg,https://cattime.com/cat-breeds/british-longhair,"The British Longhair is a mixed breed cat–a cross between the British Shorthair and Persian cat breeds. Friendly, independent, and affectionate, these cats inherited some of the best traits from both of their parent breeds.You may find these cats in shelters and breed specific rescues, so remember to always adopt! Don’t shop if you’re looking to add one of these kitties to your home!The British Longhair is an easygoing cat who looks like a plush teddy bear in feline form! These cats enjoy human company, but they’re also independent and low key enough to be okay if left alone for longer periods of the day. Just remember that when you’re dealing with a long-haired feline, there are extra grooming needs to commit to.See all British Longhair mixed cat breed characteristics below!British Longhair Mixed Cat Breed Pictures British Longhair Mixed Cat Breed Pictures, Characteristics, & FactsInitiate Gallery Additional articles that will interest you:Best Cat NamesKittens & What To ExpectBrain Games For Your CatIndoor Exercise For CatsCat ToysCat CarriersChoosing A VeterinarianCat Food And Nutrition",4,4,3,3,3,4,4,2
17,British Shorthair,3,https://cattime.com/assets/uploads/2011/12/file_2744_british-shorthair-460x290-460x290.jpg,https://cattime.com/cat-breeds/british-shorthair-cats,"Full of British reserve, the British Shorthair cat has a quiet voice and is an undemanding companion.While not overly affectionate, the British Shorthair tends to get along just fine with everyone. They’re mellow and will tolerate other pets, and even though they may not seek out snuggles at every opportunity, they’re happy to be scooped up for a good cuddle.While some cats get a reputation for being high-strung and jumpy, the British Shorthair is anything but. If you’re looking for a best buddy who stays calm as a cucumber and won’t do much pestering, this might just be the feline for you.See all British Shorthair cat breed characteristics below!British Shorthair Cat Breed Pictures British Shorthair Cat Breed Information, Pictures, Characteristics & FactsInitiate Gallery Additional articles you will be interested in:Best Cat NamesKittens & What To ExpectBrain Games For Your CatIndoor Exercise For CatsCat ToysCat CarriersChoosing A VeterinarianCat Food And Nutrition",3,3,4,2,4,4,4,4
18,Burmese,19,https://cattime.com/assets/uploads/2011/12/file_2688_burmese-cat-breed-picture.jpg,https://cattime.com/cat-breeds/burmese-cats,"The Burmese is often described as a “brick wrapped in silk,” a testament to his solid, muscular body.See all Burmese cat characteristics below! Burmese Cat Breed Information, Pictures, Characteristics & FactsInitiate Gallery ",5,2,2,4,5,5,5,5
19,Burmilla,39,https://cattime.com/assets/uploads/2011/12/file_2760_burmilla-460x290-460x290.jpg,https://cattime.com/cat-breeds/burmilla-cats,"The Burmilla is adventurous but a bit of a klutz, so put away breakables when he is around.See all Burmilla cat characteristics below! Burmilla Cat Breed Information, Pictures, Characteristics & FactsInitiate Gallery ",4,3,3,5,4,4,3,4
20,California Spangled,50,https://cattime.com/assets/uploads/2020/01/california-spangled-mixed-cat-breed-pictures-cover.jpg,https://cattime.com/cat-breeds/california-spangled,"The California Spangled is a mixed breed cat–a cross between the Angora, Siamese, American Shorthair, Abyssinian, Manx, and British Shorthair breeds. Energetic, loyal, and loving, these kitties inherited some of the best traits from all of their parent breeds.You can find California Spangleds in shelters and breed specific rescues, so adopt! Don’t shop if you’re looking to add one of these kitties to your home!The California Spangled was bred to resemble a wild cat. These felines are very athletic and can be energetic, but they also have a super loving and sociable side that makes them excellent family cats. Just make sure that you have a large home environment to satisfy their play and exercise needs, and also note that the mixed breed doesn’t fare well being left alone for long periods of the day.See all California Spangled mixed cat breed characteristics below!California Spangled Mixed Cat Breed Pictures California Spangled Mixed Cat Breed Pictures, Characteristics, & FactsInitiate Gallery Additional articles that will interest you:Best Cat NamesKittens & What To ExpectBrain Games For Your CatIndoor Exercise For CatsCat ToysCat CarriersChoosing A VeterinarianCat Food And Nutrition",4,2,4,4,2,4,4,5
21,Chantilly-Tiffany,50,https://cattime.com/assets/uploads/2020/03/Chantilly-Tiffany-cat-breed-pictures-cover.jpg,https://cattime.com/cat-breeds/chantilly-tiffany,"The Chantilly-Tiffany is a cat breed that started with a pair of chocolate-colored kittens of unknown origin. These felines are known for being affectionate, social, and talkative.This breed originally went by the name Foreign Longhair. You may find these cats in shelters and rescues, so remember to always adopt! Don’t shop if you’re looking to add a feline to your home!The Chantilly-Tiffany is a cat who loves to be around humans and will form very strong bonds with the main people in their life. While the breed is exceptionally social and loving, this also means that they would not fare well with being left alone for long periods of the day. This cat definitely wants company all the time, whether that includes snuggling, playing, or even talking!Check out this smart feather toy, perfect for keeping this playful breed happy! Or this deshedder that will help with their semi-long hair!See all Chantilly-Tiffany cat breed characteristics below!Chantilly-Tiffany Cat Breed Pictures Chantilly-Tiffany Cat Breed Pictures, Characteristics, & FactsInitiate Gallery Additional articles that will interest you:Best Cat NamesKittens & What To ExpectBrain Games For Your CatIndoor Exercise For CatsCat ToysCat CarriersChoosing A VeterinarianCat Food And Nutrition",4,3,4,4,5,4,2,2
22,Chartreux,34,https://cattime.com/assets/uploads/2011/12/file_2718_chartreux-460x290-460x290.jpg,https://cattime.com/cat-breeds/chartreux-cats,"The Chartreux might well be compared to a mime, silent but communicative and sometimes silly.See all Chartreux characteristics below! Chartreux Cat Breed Information, Pictures, Characteristics & FactsInitiate Gallery ",3,4,4,3,5,3,3,2
23,Chausie,50,https://cattime.com/assets/uploads/2020/01/chausie-mixed-cat-breed-pictures-cover.jpg,https://cattime.com/cat-breeds/chausie,"The Chausie is a mixed breed cat–a cross between the Abyssinian and wild jungle cat breeds. Energetic, playful, and outgoing, these felines inherited some of the best traits and distinctive looks from their parents. They’re also one of the largest domestic cat breeds.You may find these cats in shelters and breed specific rescues, so remember to always adopt! Don’t shop if you’re looking to add one of these kitties to your home.As you’d expect from a breed with wild cat roots, the Chausie is a feline who needs a lot of space and requires a lot of playtime. This is not a cat who does well being left alone all day, and due to their wild heritage, they’re also not the best fit for a household with young children.See all Chausie mixed cat breed characteristics below!Chausie Mixed Cat Breed Pictures Chausie Mixed Cat Breed Pictures, Characteristics, & FactsInitiate Gallery Additional articles that will interest you:Best Cat NamesKittens & What To ExpectBrain Games For Your CatIndoor Exercise For CatsCat ToysCat CarriersChoosing A VeterinarianCat Food And Nutrition",4,1,4,4,3,1,3,5
24,Chinese Li Hua,50,https://cattime.com/assets/uploads/2011/12/file_2758_chinese-li-460x290-460x290.jpg,https://cattime.com/cat-breeds/chinese-li-cats,"Smart, loyal and lively, the Chinese Li Hua is gentle with people but has a reputation as a talented hunter of rats and other vermin.See all Chinese Li Hua characteristics below!  Chinese Li Hau Cat Breed Information, Pictures, Characteristics & FactsInitiate Gallery ",3,3,3,4,4,4,4,4
25,Colorpoint Shorthair,32,https://cattime.com/assets/uploads/2011/12/file_2732_colorpoint-shorthair-460x290-460x290.jpg,https://cattime.com/cat-breeds/colorpoint-shorthair-cats,"The Colorpoint is a loyal and loving feline who will pout and pine if given little or no attention.See all Colorpoint Shorthair characteristics below! Colorpoint Shorthair Cat Breed Information, Pictures, Characteristics & FactsInitiate Gallery ",5,2,2,5,1,4,4,4
26,Cornish Rex,15,https://cattime.com/assets/uploads/2011/12/file_2696_cornish-rex-460x290-460x290.jpg,https://cattime.com/cat-breeds/cornish-rex-cats,"If it weren’t insulting, it might be fair to describe the Cornish Rex as “doglike,” as he’s a willing retriever to thrown toys.See all Cornish Rex Cat characteristics below! Cornish Rex Cat Breed Information, Pictures, Characteristics & FactsInitiate Gallery ",5,2,3,5,2,5,5,5
27,Cymric,50,https://cattime.com/assets/uploads/2011/12/file_2690_cymrc-460x290-460x290.jpg,https://cattime.com/cat-breeds/cymric-cats,"With a Cymric around the house, you’ve got a “watchcat” who reacts rapidly and will growl threateningly or maybe even go on the attack at the sight or sound of anything out of the ordinary.See all Cymric characteristics below! Cymric Cat Breed Information, Pictures, Characteristics & FactsInitiate Gallery ",5,4,3,2,3,4,2,4
28,Cyprus,50,https://cattime.com/assets/uploads/2020/03/cyprus-cat-breed-pictures-cover.jpg,https://cattime.com/cat-breeds/cyprus,"The Cyprus cat is a natural cat breed cat, which means they developed without the need for human intervention. These felines are known for being playful, active, and social.You can find Cyprus cats in shelters and breed specific rescues, so remember to always adopt! Don’t shop if you’re looking to add one of these felines to your home!The Cyprus cat has a deserved reputation as being a very active and playful feline. This is a breed that definitely needs to live in a place with space to explore and satisfy their innate curiosity and exercise needs. They also enjoy being around people, so this breed might not be the best fit for someone who’s away from the home for long periods of the day.See all Cyprus cat breed characteristics below!Cyprus Cat Breed Pictures Cyprus Cat Breed Pictures, Characteristics, & FactsInitiate Gallery Additional articles that will interest you:Best Cat NamesKittens & What To ExpectBrain Games For Your CatIndoor Exercise For CatsCat ToysCat CarriersChoosing A VeterinarianCat Food And Nutrition",4,2,4,5,3,4,3,4
29,Desert Lynx,50,https://cattime.com/assets/uploads/2020/03/desert-lynx-mixed-cat-breed-pictures-cover.jpg,https://cattime.com/cat-breeds/desert-lynx,"The Desert Lynx is a mixed breed cat–a cross between a number of other breeds including the American Lynx, Maine Coon, and Pixie Bob, and possibly even the bobcat. These felines are known for being outgoing, playful, and social.You may find these cats in shelters and breed specific rescues, so if possible, remember to adopt! Don’t shop if you’re looking to add one of these cats to your home!Despite their name bringing visions of a wildcat to mind, the Desert Lynx mixed breed is often said to act more like a domesticated dog. This is a feline who’s loyal and likes to be around people, and they’ll likely follow you around the house from room to room. They make for great family pets; although, they do fare better around people rather than being left alone all day.CatTime recommends you pick up this comfy cat carrier for traveling with your medium sized Desert Lynx. You should also pick up this interactive cat teaser toy to help you bond with your affectionate kitty.See all Desert Lynx mixed cat breed characteristics below!Desert Lynx Mixed Cat Breed Picture (Picture Credit: posted with permission from Kelli Graziano @catfostermom on Instagram)More articles that will interest you:Best Cat NamesKittens & What To ExpectBrain Games For Your CatIndoor Exercise For CatsCat ToysCat CarriersChoosing A VeterinarianCat Food And Nutrition",4,1,4,4,3,4,3,4
30,Devon Rex,7,https://cattime.com/assets/uploads/2011/12/file_2702_devon-rex-cat-breed-profile.jpg,https://cattime.com/cat-breeds/devon-rex-cats,"The Devon Rex loves people and welcomes the attentions of friends and family alike.See all Devon Rex Cat characteristics below! Devon Rex Cat Breed Information, Pictures, Characteristics & FactsInitiate Gallery ",5,1,1,4,3,5,5,5
31,Donskoy,50,https://cattime.com/assets/uploads/2020/01/donskoy-cat-breed-pictures-cover.jpg,https://cattime.com/cat-breeds/donskoy,"The Donskoy cat was developed in Russia during the 1980s as a totally new breed. These felines are known for being friendly, playful, and affectionate.The Donskoy is also sometimes known as the Don Sphynx. You may find these purebred cats in shelters and breed specific rescues, so remember to always adopt! Don’t shop if you’re looking to add one of these kitties to your home!Cats of this breed may get a lot of curious looks from strangers, as these felines are hairless. Some of the breed’s kittens are born totally hairless, while others lose their hair over time. With their distinctive look, the breed has gained a reputation for being an eye-catching family pet. But remember that you’ll need to exercise a little extra care and maintenance due to the breed’s hairless nature.See all Donskoy cat breed characteristics below!Donskoy Cat Breed Pictures Donskoy Cat Breed Pictures, Characteristics, & FactsInitiate Gallery Additional articles that will interest you:Best Cat NamesKittens & What To ExpectBrain Games For Your CatIndoor Exercise For CatsCat ToysCat CarriersChoosing A VeterinarianCat Food And Nutrition",4,1,3,4,3,4,4,2
32,Egyptian Mau,28,https://cattime.com/assets/uploads/2011/12/file_2710_Egyptian-Mau-cat-breed.jpg,https://cattime.com/cat-breeds/egyptian-mau-cats,"The Mau’s most striking characteristic is his spotted coat in silver, bronze or smoke (pale silver fur tipped in black), closely followed by his large gooseberry-green eyes.\See all Egyptian Mau Cat characteristics below! Egyptian Mau Cat Breed Information, Pictures, Characteristics & FactsInitiate Gallery ",5,3,4,4,2,4,2,4
33,European Burmese,36,https://cattime.com/assets/uploads/2011/12/file_2692_european-burmese-460x290-460x290.jpg,https://cattime.com/cat-breeds/european-burmese,"The European Burmese has the charm and determination of his Siamese ancestors, and his voice is soft and sweet, belying his tendency to run the household with an iron paw sheathed in velvety fur.See all European Burmese characteristics below!  European Burmese Cat Breed Information, Pictures, Characteristics & FactsInitiate Gallery ",5,2,1,5,1,5,5,5
34,European Shorthair,50,https://cattime.com/assets/uploads/2019/12/european-shorthair-cat-breed-pictures-cover.jpg,https://cattime.com/cat-breeds/european-shorthair,"The European Shorthair is a natural cat breed, which means they developed without the need for human intervention. These felines are known for being friendly, playful, and intelligent.You can find European Shorthairs in shelters and breed specific rescues, so remember to always adopt! Don’t shop if you’re looking to add one of these cats to your home!The European Shorthair has roots going back to the Roman empire. These days, many people consider them to be the most popular cat breed in Europe! While these social kitties make for great house pets, each cat is very much an individual. So take that into consideration when learning about the breed’s nature and personality.See all European Shorthair cat breed characteristics below!European Shorthair Cat Breed Pictures European Shorthair Cat Breed Pictures, Characteristics, & FactsInitiate Gallery Additional articles that will interest you:Best Cat NamesKittens & What To ExpectBrain Games For Your CatIndoor Exercise For CatsCat ToysCat CarriersChoosing A VeterinarianCat Food And Nutrition",4,2,4,4,3,5,4,5
35,Exotic,2,https://cattime.com/assets/uploads/2011/12/file_2672_exotic-460x290-460x290.jpg,https://cattime.com/cat-breeds/exotic-cats,"The Exotic is sweet, docile and quiet, but don’t get the idea that she is merely an adornment for the home. She loves to play when she’s not sitting in a lap or being petted.See all about Exotic Cat below! Exotic Cat Breed Information, Pictures, Characteristics & FactsInitiate Gallery ",4,3,2,4,5,3,2,3
36,Foldex,50,https://cattime.com/assets/uploads/2020/01/foldex-mixed-cat-breed-pictures-cover.jpg,https://cattime.com/cat-breeds/foldex,"The Foldex is a mixed breed cat–a cross between the Scottish Fold and Exotic Shorthair breeds. These felines are known for being friendly, loving, and intelligent.You may find these cats in shelters and breed specific rescues, so remember to always adopt! Don’t shop if you’re looking to add one of these kitties to your home!Foldexes hail from Canada, where breeders sought to develop a cat that would resemble a cute teddy bear. These loving cats, with their adorable looks, like nothing more than hanging out with the humans in their life and receiving endless petting sessions. They also make a perfect fit for families with kids.See all Foldex mixed cat breed characteristics below!Foldex Mixed Cat Breed Pictures Foldex Mixed Cat Breed Pictures, Characteristics, & FactsInitiate Gallery Additional articles that will interest you:Best Cat NamesKittens & What To ExpectBrain Games For Your CatIndoor Exercise For CatsCat ToysCat CarriersChoosing A VeterinarianCat Food And Nutrition",5,3,4,4,3,5,4,3
37,German Rex,50,https://cattime.com/assets/uploads/2020/01/german-rex-cat-breed-pictures-1.jpg,https://cattime.com/cat-breeds/german-rex,"The German Rex is a natural cat breed cat, which means they developed without the need for human intervention. These felines are known for being affectionate, loyal, and playful.You may find these cats in shelters and rescues, so remember to adopt! Don’t shop if you’re looking to add one of these kitties to your home!Cats of the German Rex breed make excellent companions. They’re tolerant of humans and other animals alike, and their strong social side means that they’ll instantly fit in with your family. They’re also smart kitties, so ensure that you’ll be able to provide enough time and interaction to keep the cat satisfied and happy.CatTime recommends this interactive cat toy and scratcher to keep your smart German Rex busy. You should also pick up this comfy, medium cat carrier for traveling with your furry friend!See all German Rex cat breed characteristics below!German Rex Cat Breed Pictures (Picture Credit: This is Xander from Dexter’s Kitties in Orlando, FL. He found his forever home! Go to dexterskitties.org, call (321) 231-0804, or email [email protected] to meet more adoptable cats!)More articles that will interest you:Best Cat NamesKittens & What To ExpectBrain Games For Your CatIndoor Exercise For CatsCat ToysCat CarriersChoosing A VeterinarianCat Food And Nutrition",4,2,3,4,2,4,4,2
38,Havana Brown,42,https://cattime.com/assets/uploads/2011/12/file_2750_havana-brown-460x290-460x290.jpg,https://cattime.com/cat-breeds/havana-brown-cats,"The Havana is distinguished by his uncommon head shape; it’s longer than it is wide.See all Havana Brown characteristics below!  Havana Brown Cat Breed Information, Pictures, Characteristics & FactsInitiate Gallery ",5,3,4,3,4,3,5,4
39,Highlander,50,https://cattime.com/assets/uploads/2020/01/highlander-mixed-cat-breed-pictures-cover.jpg,https://cattime.com/cat-breeds/highlander,"The Highlander is a mixed breed cat–a cross between the Desert Lynx and Jungle Curl breeds. Gentle, social, and intelligent, these felines inherited some of the best traits from their parents.You may find these cats in shelters and breed specific rescues, so remember to always adopt! Don’t shop if you’re looking to add one of these kitties to your home!The Highlander cat breed dates back to 1993, when they were originally introduced as the Highland Lynx before a name change the following year. These felines are super smart, so you’ll need to provide a living environment for them that will keep them mentally satisfied. This breed mix makes for very people-friendly cats and great family pets.See all Highlander mixed cat breed characteristics below!Highlander Mixed Cat Breed Pictures Highlander Mixed Cat Breed Pictures, Characteristics, & FactsInitiate Gallery Additional articles that will interest you:Best Cat NamesKittens & What To ExpectBrain Games For Your CatIndoor Exercise For CatsCat ToysCat CarriersChoosing A VeterinarianCat Food And Nutrition",4,2,4,4,3,4,4,3
40,Himalayan,50,https://cattime.com/assets/uploads/2011/12/file_2674_himalayan-460x290-460x290.jpg,https://cattime.com/cat-breeds/himalayan-cats,"The Himalayan, or Himmie for short, is a Persian in Siamese drag, affectionate but discriminating.See all Himalayan characteristics below! Himalayan Cat Breed Information, Pictures, Characteristics & FactsInitiate Gallery ",4,5,2,1,2,2,1,2
41,Japanese Bobtail,26,https://cattime.com/assets/uploads/2011/12/file_2720_Japanese-bobtail-460x290-460x290.jpg,https://cattime.com/cat-breeds/japanese-bobtail-cats,"the Japanese Bobtail breed’s tell-tale characteristic is a short “bunny” tail that can be flexible or rigid, with one or more curves, angles or kinks.See all Japanese Bobtail characteristics below! Japanese Bobtail Cat Breed Information, Pictures, Characteristics & FactsInitiate Gallery ",5,3,4,5,1,5,4,4
42,Javanese,50,https://cattime.com/assets/uploads/2011/12/file_2730_javanese-460x290-460x290.jpg,https://cattime.com/cat-breeds/javanese-cats,"The Javanese is highly intelligent, agile and athletic, and loves to play.See all Javanese characteristics below! Javanese Cat Breed Information, Pictures, Characteristics & FactsInitiate Gallery ",5,3,2,4,1,4,4,4
43,Khao Manee,38,https://cattime.com/assets/uploads/2020/01/khao-manee-cat-breed-pictures-cover.jpg,https://cattime.com/cat-breeds/khao-manee,"The Khao Manee is a natural cat breed, which means they developed without the need for human intervention. These felines are known for being energetic, smart, and sociable.You can find Khao Manees in shelters and breed specific rescues, so remember to always adopt! Don’t shop if you’re looking to add one of these cats to your home!The Khao Manee has built up a reputation as an outgoing and athletic cat who loves to take part in lengthy play sessions. The breed is a great fit for families with children or other pets, as this is a kitty who will always want to seek out friends and persuade them to start another playtime session. Loneliness can be an issue for these cats, so they do best in active and busy households.See all Khao Manee cat breed characteristics below!Khao Manee Cat Breed Pictures Khao Manee Cat Breed Pictures, Characteristics, & FactsInitiate Gallery Additional articles that will interest you:Best Cat NamesKittens & What To ExpectBrain Games For Your CatIndoor Exercise For CatsCat ToysCat CarriersChoosing A VeterinarianCat Food And Nutrition",4,1,3,5,4,5,4,4
44,Korat,40,https://cattime.com/assets/uploads/2011/12/file_2752_korat-460x290-460x290.jpg,https://cattime.com/cat-breeds/korat-cats,"The silver-blue cats with the emerald-green eyes are said to date to the 14th century based on their depiction in ancient literature.See all Korat characteristics below! Korat Cat Breed Information, Pictures, Characteristics & FactsInitiate Gallery ",5,1,4,5,3,2,5,3
45,Kurilian Bobtail,50,https://cattime.com/assets/uploads/2020/01/kurilian-bobtail-cat-breed-pictures-cover.jpg,https://cattime.com/cat-breeds/kurilian-bobtail,"The Kurilian Bobtail is a natural cat breed, which means they developed without the need for human intervention. These felines are known for being tolerant, adaptable, and friendly.You can find Kurilian Bobtails in shelters and rescues, so remember to always adopt! Don’t shop if you’re looking to add one of these kitties to your home!The Kurilian Bobtail has a great reputation as a perfect family cat. The breed gets along well with people, children, and even other animals. They have a playful side, and they’re also social felines who will actively try to always be around the humans in their lives. If you’re looking for a cat who wants to be a big part of your daily life, this might just be the kitty for you!See all Kurilian Bobtail cat breed characteristics below!Kurilian Bobtail Cat Breed Pictures Kurilian Bobtail Cat Breed Pictures, Characteristics, & FactsInitiate Gallery Additional articles that will interest you:Best Cat NamesKittens & What To ExpectBrain Games For Your CatIndoor Exercise For CatsCat ToysCat CarriersChoosing A VeterinarianCat Food And Nutrition",4,2,3,4,3,4,4,5
46,LaPerm,43,https://cattime.com/assets/uploads/2011/12/file_2754_laperm-460x290-460x290.jpg,https://cattime.com/cat-breeds/laperm-cats,"The LaPerm’s outstanding feature, of course, is his coat, which has loose, bouncy curls, making it light and airy to the touch.See all LaPerm characteristics below!  LaPerm Cat Breed Information, Pictures, Characteristics & FactsInitiate Gallery ",4,2,4,5,5,4,4,4
47,Lykoi,33,https://cattime.com/assets/uploads/2020/01/lykoi-cat-breed-pictures-cover.jpg,https://cattime.com/cat-breeds/lykoi,"The Lykoi is a natural cat breed cat, which means they developed without the need for human intervention–in this case with the help of a natural mutation! These felines are known for being intelligent, energetic, and loving.You may find these cats in shelters and breed specific rescues, so remember to always adopt! Don’t shop if you’re looking to add one of these cats to your home!The Lykoi is a cat breed that’s affectionately known by fans as the Werewolf Cat! This is due to the half-hairless cat’s striking appearance. It’s a very new breed, too, only being on the scene since 2011. Lykois have quickly picked up a reputation as very smart kitties who possess a strong curiosity streak. This is a cat who will enjoy your attention–and also forms loving bonds with humans.See all Lykoi cat breed characteristics below!Lykoi Cat Breed Pictures Lykoi Cat Breed Pictures, Characteristics, & FactsInitiate Gallery Additional articles that will interest you:Best Cat NamesKittens & What To ExpectBrain Games For Your CatIndoor Exercise For CatsCat ToysCat CarriersChoosing A VeterinarianCat Food And Nutrition",4,4,3,4,3,4,3,2
48,Maine Coon,5,https://cattime.com/assets/uploads/2011/12/file_2680_Maine-Coon-Cat-breed.jpg,https://cattime.com/cat-breeds/maine-coon-cats,"The Maine Coon is a native New Englander, hailing from Maine, where they were popular mousers, farm cats, and–most likely–ship’s cats, at least as far back as the early 19th century.The first thing you’ll probably notice is that Maine Coons are big–really big! In fact, the record for the world’s longest house cat belongs to a Maine Coon who grew to be over four feet long.But these kitties have more going for them than size. They’re affectionate without being needy, they’re adaptable, and they’ve kept their hunting instincts, just in case you need a good mouser. If you can handle a whole lot of cat, this kitty might be a perfect addition to your family.See all Maine Coon cat breed characteristics below!Main Coon Cat Breed Pictures Maine Coon Cat Breed Information, Pictures, Characteristics & FactsInitiate Gallery Additional articles that will interest you:Best Maine Coon Cat NamesKittens & What To ExpectBrain Games For Your CatIndoor Exercise For CatsCat ToysCat CarriersChoosing A VeterinarianCat Food And Nutrition",3,4,3,4,4,5,2,4
49,Manx,27,https://cattime.com/assets/uploads/2011/12/file_2670_manx-460x290-460x290.jpg,https://cattime.com/cat-breeds/manx-cat,"The tailless Manx is the result of a genetic mutation that was then intensified by the cats’ remote location on the Isle of Man, off the coast of Britain.See all Manx characteristics below!  Manx Cat Breed Information, Pictures, Characteristics & FactsInitiate Gallery ",4,3,3,3,2,2,3,3
50,Mekong Bobtail,50,https://cattime.com/assets/uploads/2020/01/mekong-bobtail-cat-breed-pictures-cover.jpg,https://cattime.com/cat-breeds/mekong-bobtail,"The Mekong Bobtail is a natural cat breed cat, which means they developed without the need for human intervention These felines are known for being loyal, affectionate, and intelligent.You can find these Mekong Bobtails in shelters and rescues, so remember to always adopt! Don’t shop if you’re looking to add one of these cats to your home!The Mekong Bobtail breed comes from Southeast Asia and is recognizable by their distinctive Manx-style bobtail. This is a feline who very much enjoys being around the humans in their life and will form excellent and long-lasting bonds with you. Along with their loving nature, the breed is also quite the athletic champion!See all Mekong Bobtail cat breed characteristics below!Mekong Bobtail Cat Breed Pictures Mekong Bobtail Cat Breed Pictures, Characteristics, & FactsInitiate Gallery Additional articles that will interest you:Best Cat NamesKittens & What To ExpectBrain Games For Your CatIndoor Exercise For CatsCat ToysCat CarriersChoosing A VeterinarianCat Food And Nutrition",4,2,3,4,3,4,4,5
51,Napoleon,50,https://cattime.com/assets/uploads/2020/01/napoleon-mixed-cat-breed-pictures-cover.jpg,https://cattime.com/cat-breeds/napoleon,"The Napoleon cat is a mixed breed cat–a cross between the Munchkin and Persian cat breeds. Loving, playful, and sweet, these felines inherited some of the best traits from their parents.This mixed breed is also sometimes known as the Minuet cat. You can find these cats in shelters and breed specific rescues, so remember to always adopt! Don’t shop if you’re looking to add one of these kitties to your home!The Napoleon mixed breed absolutely adores being around people! These felines bond strongly with the humans in their lives and even love being around young children. Just remember that they do not do well when left alone for long periods of the day. So make sure you have an active household if you’re considering adopting one of these cats!See all Napoleon mixed cat breed characteristics below!Napoleon Mixed Cat Breed Pictures Napoleon Mixed Cat Breed Pictures, Characteristics, & FactsInitiate Gallery Additional articles that will interest you:Best Cat NamesKittens & What To ExpectBrain Games For Your CatIndoor Exercise For CatsCat ToysCat CarriersChoosing A VeterinarianCat Food And Nutrition",4,3,3,4,2,5,4,2
52,Nebelung,50,https://cattime.com/assets/uploads/2011/12/file_2682_nebelung-460x290-460x290.jpg,https://cattime.com/cat-breeds/nebelung-cats,"The Nebelung cat breed is the longhaired variety of the Russian Blue. Their name is German and means “creature of the mist,” a reference to the cat’s shimmering silvery-blue coat that seems to float over their body.Graceful, intelligent, and affectionate, these cats have wonderful traits that would suit almost any loving family. Their gorgeous looks, elegant movements, and somewhat aloof nature add to their mystery and allure, giving them an almost mythical quality.While this is a relatively new and rare breed, you may be able to find these kitties in breed specific rescues or local shelters. Adopt if you’d like to bring one of these cats into your home.See all Nebelung cat breed facts and traits below!Nebelung Cat Breed Pictures Nebelung Cat Breed Information, Pictures, Characteristics, & FactsInitiate Gallery Additional articles that will interest you:Best Cat NamesKittens & What To ExpectBrain Games For Your CatIndoor Exercise For CatsCat ToysCat CarriersChoosing A VeterinarianCat Food And Nutrition",4,4,4,4,2,2,2,2
53,Norwegian Forest,14,https://cattime.com/assets/uploads/2011/12/file_2698_norwegian-forest-cat-460x290-460x290.jpg,https://cattime.com/cat-breeds/norwegian-forest-cats,"The gentle and friendly Norwegian Forest Cat — Wegie, for short — is fond of family members but does not demand constant attention and petting.See all Norwegian Forest characteristics below!  Norwegian Forest Cat Breed Information, Pictures, Characteristics & FactsInitiate Gallery ",2,4,2,4,4,2,2,4
54,Ocicat,22,https://cattime.com/assets/uploads/2011/12/file_2736_ocicat-460x290-460x290.jpg,https://cattime.com/cat-breeds/ocicat-cats,The Ocicat’s favorite activities include retrieving toys and learning to walk on a leash.,4,2,3,2,4,4,4,4
55,Oriental Bicolor,50,https://cattime.com/assets/uploads/2020/01/oriental-bicolor-cat-mixed-breed-pictures-cover.jpg,https://cattime.com/cat-breeds/oriental-bicolor,"The Oriental Bicolor is a mixed breed cat–a cross between the American Shorthair and Siamese cat breeds. Social, smart, and curious, these felines inherited some of the best traits from their parents.You can find Oriental Bicolors in shelters and rescues, so remember to always adopt! Don’t shop if you’re looking to add one of these cats to your home!The Oriental Bicolor is a top-notch choice for a family cat. The mixed breed is exceptionally social and will always want to be around the humans in their life. These felines also form great bonds with young children. Just remember that such a friendly and outgoing cat will need a lot of human interaction. This is not a mixed breed that fares well being left alone for long periods of the day.See all Oriental Bicolor mixed cat breed characteristics below!Oriental Bicolor Mixed Cat Breed Picture (Picture Credit: GlobalP/Getty Images)Additional articles that will interest you:Best Cat NamesKittens & What To ExpectBrain Games For Your CatIndoor Exercise For CatsCat ToysCat CarriersChoosing A VeterinarianCat Food And Nutrition",4,1,3,4,5,5,4,4
56,Oriental,11,https://cattime.com/assets/uploads/2011/12/file_2728_oriental-460x290-460x290.jpg,https://cattime.com/cat-breeds/oriental-cats,"Orientals are extremely fond of their people and will tell you exactly what they think, in a loud, raspy voice.",1,-100,-100,-100,-100,-100,-100,-100
57,Persian,4,https://cattime.com/assets/uploads/2011/12/file_2676_persian-460x290-460x290.jpg,https://cattime.com/cat-breeds/persian-cats,"The dignified and docile Persian cat is known for being quiet and sweet.Although Persians tend to be relaxed and easygoing, they also command an air of royalty. They may not be quick to hiss or scratch, but that doesn’t mean they won’t become annoyed when bothered by loud children or pets.However, those who treat the Persian cat with the dignity and gentleness they deserve will be rewarded with an affectionate lap cat who enjoys a good petting, or even a brush through their hair. If you want a best friend who will return all your dedication and love in kind, the Persian may be the right feline for your family.See all Persian characteristics below!Persian Cat Breed Pictures Persian Cat Breed Information, Pictures, Characteristics & FactsInitiate Gallery Additional articles you will be interested in:Best Cat NamesKittens & What To ExpectBrain Games For Your CatIndoor Exercise For CatsCat ToysCat CarriersChoosing A VeterinarianCat Food And Nutrition",3,5,2,2,3,2,2,2
58,Peterbald,50,https://cattime.com/assets/uploads/2020/02/peterbald-mixed-cat-breed-pictures-cover.jpg,https://cattime.com/cat-breeds/peterbald,"The Peterbald is a mixed breed cat–a cross between the Donskoy and Oriental Shorthair breeds. These felines are known for being affectionate, outgoing, and loyal.The breed gets the “Peter” in the name from Saint Petersburg and the “bald,” of course, from their mostly hairless coats. You may find these cats in shelters and rescues, so remember to always adopt! Don’t shop if you’re looking to add a one of these cats to your home!The Peterbald is a hairless cat who has a reputation as being exceptionally loyal to the humans in their life. This is a breed that will want to be around you and your family all the time, so make sure you can provide enough attention to the cat. Although be warned that, as a hairless breed, these felines require more maintenance than many other cats.See all Peterbald mixed cat breed characteristics below!Peterbald Mixed Cat Breed Pictures Peterbald Mixed Cat Breed Pictures, Characteristics, & FactsInitiate Gallery Additional articles that will interest you:Best Cat NamesKittens & What To ExpectBrain Games For Your CatIndoor Exercise For CatsCat ToysCat CarriersChoosing A VeterinarianCat Food And Nutrition",5,1,3,4,4,4,4,2
59,Pixie-Bob,50,https://cattime.com/assets/uploads/2017/10/pixie-bob-1-449x331.jpg,https://cattime.com/cat-breeds/pixie-bob,"A Pixie-Bob may look wild in appearance, and that may be because they’re thought to have descended from a barn cat and a bobcat. However, these days, they’re anything but wild.Pixie-Bobs tend to be sweet, loving cats who adore their families–even kids! Read on to find out more about the Pixie-Bob cat breed!See below for a complete list of Pixie-Bob characteristics!Pixie-Bob Cat Breed Pictures Pixie-Bob Cat Breed Information, Pictures, Characteristics & FactsInitiate Gallery Additional articles you will be interested in:Best Cat NamesKittens & What To ExpectBrain Games For Your CatIndoor Exercise For CatsCat ToysCat CarriersChoosing A VeterinarianCat Food And Nutrition",5,4,5,4,3,5,3,2
60,Ragamuffin,24,https://cattime.com/assets/uploads/2011/12/file_2724_ragamuffin-460x290.jpg,https://cattime.com/cat-breeds/ragamuffin-cats,"The Ragamuffin is known for his docile nature. He loves to be held like a baby and will completely relax into your arms.See all Ragamuffin characteristics below!  Ragamuffin Cat Breed Information, Pictures, Characteristics & FactsInitiate Gallery ",5,4,4,3,5,4,4,4
61,Ragdoll Cats,1,https://cattime.com/assets/uploads/2011/12/file_2726_ragdoll-460x290-460x290.jpg,https://cattime.com/cat-breeds/ragdoll-cats,"With positive reinforcement, Ragdoll cats learn quickly and can pick up tricks as well as good behaviors such as using a scratching post.The Ragdoll cat is an all-around best buddy to just about everyone. They love their human families–even children–and will get along with other pets fairly well.Docile, sweet, and happy to relax for a good cuddle session, the loving Ragdoll will even greet their humans at the door when they come home. If you’re looking for a companion, you can’t find a much better choice than one of these easygoing felines.See all Ragdoll characteristics below!Ragdoll Cat Breed Pictures Ragdoll Cats Cat Breed Information, Pictures, Characteristics and FactsInitiate Gallery Additional articles you will be interested in:Best Cat NamesKittens & What To ExpectBrain Games For Your CatIndoor Exercise For CatsCat ToysCat CarriersChoosing A VeterinarianCat Food And Nutrition",5,4,3,4,4,5,1,4
62,Russian Blue,17,https://cattime.com/assets/uploads/2011/12/file_2684_Russian-Blue-cat-breed-profile.jpg,https://cattime.com/cat-breeds/russian-blue,The Russian Blue’s elegant yet muscular body led one cat judge to proclaim him the “Doberman Pinscher of cats.”,4,4,4,2,3,2,2,4
63,Savannah,50,https://cattime.com/assets/uploads/2014/03/file_2764_savannah-cat.jpg,https://cattime.com/cat-breeds/savannah-cats,"A hybrid of a domestic feline and a medium-size African wild cat, the Savannah is a challenging and rewarding companion.If you want a low-energy cat to snuggle all day while you binge on Netflix, think twice about adopting a Savannah cat. This breed has lots of energy and needs physical and mental stimulation.If they don’t get the activity they need, they may get bored and make their own fun–which can mean destructive, unwanted behaviors around the house.For a diligent human who keeps up with this cat’s needs, the Savannah makes for a fun-loving, active family member with plenty of affection to give.See below for a complete list of Savannah cat breed characteristics!Savannah Cat Breed Pictures Savannah Cat Breed Information, Pictures, Characteristics & FactsInitiate Gallery Additional articles you will be interested in:Best Cat NamesKittens & What To ExpectBrain Games For Your CatIndoor Exercise For CatsCat ToysCat CarriersChoosing A VeterinarianCat Food And Nutrition",4,3,5,5,3,4,5,4
64,Scottish Fold,9,https://cattime.com/assets/uploads/2011/12/file_2712_scottish-fold-460x290-460x290.jpg,https://cattime.com/cat-breeds/scottish-fold-cats,"There is nothing a Scottish Fold–named for their folded ears–likes better than to be with their people, participating in whatever they are doing.As the name implies, Scottish Folds come from Scotland, and they can all trace their ancestry back to a barn cat named Susie who had folded ears and worked as a mouser.These cats are sensitive, expressive, and active. They love to play and are not the best cats to leave home alone. They prefer a companion–even another cat–to keep them company. If you can provide this loving feline with the attention they crave and keep up with their needs, they just might be the new furry family member you’re looking for.See all Scottish Fold cat breed characteristics and facts below!Scottish Fold Cat Breed Pictures Scottish Fold Cat Breed Information, Pictures, Characteristics & FactsInitiate Gallery Additional articles that will interest you:Best Cat NamesKittens & What To ExpectBrain Games For Your CatIndoor Exercise For CatsCat ToysCat CarriersChoosing A VeterinarianCat Food And Nutrition",5,3,3,3,4,5,3,2
65,Selkirk Rex,23,https://cattime.com/assets/uploads/2011/12/file_2704_selkirk-rex-460x290-460x290.jpg,https://cattime.com/cat-breeds/selkirk-rex-cats,"Tolerant and affectionate, the Selkirk is not always a lap cat, but he likes people and other animals.See all Selkirk Rex characteristics below! Selkirk Rex Cat Breed Information, Pictures, Characteristics & FactsInitiate Gallery ",4,4,3,4,2,5,2,4
66,Serengeti,50,https://cattime.com/assets/uploads/2020/01/serengeti-mixed-cat-breed-pictures-cover.jpg,https://cattime.com/cat-breeds/serengeti,"The Serengeti is a mixed breed cat–a cross between the Bengal and Oriental Shorthair breeds. These felines are known for being loyal, energetic, and agile.You may find these cats in shelters and breed specific rescues, so remember to always adopt! Don’t shop if you’re looking to add one of these kitties to your home!The Serengeti was bred to resemble a domestic version of the Serval wild cat. As you’d expect, these felines are super athletic and require a lot of daily exercise and play time–which means you’ll also need a large living situation and at least one sizable cat tree. While these cats can be a little shy at first, once they bond with a human, they are super loyal. The breed also has a reputation for being very vocal!See all Serengeti mixed cat breed characteristics below!Serengeti Mixed Cat Breed Pictures Serengeti Mixed Cat Breed Pictures, Characteristics, & FactsInitiate Gallery Additional articles that will interest you:Best Cat NamesKittens & What To ExpectBrain Games For Your CatIndoor Exercise For CatsCat ToysCat CarriersChoosing A VeterinarianCat Food And Nutrition",4,1,3,4,5,4,3,4
67,Siamese Cat,13,https://cattime.com/assets/uploads/2011/12/file_2667_siamese-cat-breed.jpg,https://cattime.com/cat-breeds/siamese-cats,"The sophisticated Siamese cat looks dressed for an elegant masquerade ball in pale evening wear with chic black accessories and tanzanite-blue eyes.Affectionate with family, this kitty loves to talk. If you’ve got a Siamese cat at home, prepare to have some lengthy conversations.Play time is also a must for the Siamese, so stock up on active toys that will help you exercise your kitty if you plan to bring one of these felines into your home. This will keep your cat healthy and let you spend quality time together, strengthening your bond.See all Siamese cat breed characteristics below!Siamese Cat Breed Pictures Siamese Cat Breed Information: Behavior, Pictures and Care |CattimeInitiate Gallery Additional articles you will be interested in:Best Cat NamesKittens & What To ExpectBrain Games For Your CatIndoor Exercise For CatsCat ToysCat CarriersChoosing A VeterinarianCat Food And Nutrition",5,2,3,4,5,4,4,5
68,Siberian,18,https://cattime.com/assets/uploads/2011/12/file_2722_siberian-460x290-460x290.jpg,https://cattime.com/cat-breeds/siberian-cats,"From Russia with love: that’s the Siberian cat, a glamorous native feline from the taiga of Siberia, a forested area with a subarctic climate that no doubt contributed to this cat’s long, thick, protective coat.The Siberian cat is highly affectionate with family and playful when they want to be. However, their exercise needs aren’t overly demanding, and they’re just as happy to snuggle up with their humans as they are to chase a laser toy–maybe even happier.These cats will follow you all over and gladly participate in whatever you’re doing–sometimes whether you like it or not. If you crave a warm cuddle buddy for those cold nights in Siberia–or wherever you live–the Siberian cat may be the perfect feline family member for you.See all Siberian cat breed characteristics below!Siberian Cat Breed Pictures Siberian Cat Breed Information, Pictures, Characteristics & FactsInitiate Gallery Additional articles you will be interested in:Best Cat NamesKittens & What To ExpectBrain Games For Your CatIndoor Exercise For CatsCat ToysCat CarriersChoosing A VeterinarianCat Food And Nutrition",5,4,4,5,2,5,4,2
69,Singapura,31,https://cattime.com/assets/uploads/2011/12/file_2746_singapura-460x290-460x290.jpg,https://cattime.com/cat-breeds/singapura-cats,"The Singapura has three distinguishing characteristics: His small size of 4 to 8 pounds, big eyes and ears for his size, and his sepia-toned coat that gives him the look of having stepped out of a 19th century photograph.See all Singapura characteristics below! Singapura Cat Breed Information, Pictures, Characteristics & FactsInitiate Gallery ",5,2,4,4,5,4,4,4
70,Snowshoe,50,https://cattime.com/assets/uploads/2014/01/file_2762_Snowshoe-cat-breed.jpg,https://cattime.com/cat-breeds/snowshoe-cats,"Forget the Grumpy Cat stereotype: this Siamese–American Shorthair mix’s affectionate and sweet disposition is supplemented by distinctive fur markings and a strong body.See all Snowshoe characteristics below! Snowshoe Cat Breed Information, Pictures, Characteristics & FactsInitiate Gallery ",5,3,5,5,2,5,4,5
71,Sokoke,50,https://cattime.com/assets/uploads/2020/01/sokoke-cat-breed-pictures-cover.jpg,https://cattime.com/cat-breeds/sokoke,"The Sokoke is a natural cat breed cat, which means they developed without the need for human intervention These felines are known for being athletic, intelligent, and sociable.The breed’s name comes from the Arabuko Sokoke Forest in Kenya. You may find these cats in shelters and rescues, so remember to always adopt! Don’t shop if you’re looking to add one of these cats to your home!Sokokes str super smart catd who, in many cases, can learn tricks and even play fetch. These felines are loving towards the humans in their life, but they need a lot of attention and do not fare well if left alone for long periods of the day. They make an excellent fit for families with children.See all Sokoke cat breed characteristics below!Sokoke Cat Breed Pictures Sokoke Cat Breed Pictures, Characteristics, & FactsInitiate Gallery Additional articles that will interest you:Best Cat NamesKittens & What To ExpectBrain Games For Your CatIndoor Exercise For CatsCat ToysCat CarriersChoosing A VeterinarianCat Food And Nutrition",4,1,3,4,3,5,3,4
72,Somali,29,https://cattime.com/assets/uploads/2011/12/file_2686_somali-cat-breed.jpg,https://cattime.com/cat-breeds/somali-cats,"Like his sibling the Abyssinian, the Somali lives life to the fullest. He climbs higher, jumps farther, plays harder. Nothing escapes the notice of this highly intelligent and inquisitive cat.See all Somali characteristics below! Somali Cat Breed Information, Pictures, Characteristics & FactsInitiate Gallery ",5,4,2,5,5,4,3,5
73,Sphynx,8,https://cattime.com/assets/uploads/2011/12/file_2700_sphynx-cat-breed-profile.jpg,https://cattime.com/cat-breeds/sphynx-cats,"It’s a good thing that the hairless Sphynx loves attention because he draws it wherever he goes. He is demanding of human attention and will do anything for a laugh.See all Sphynx characteristics below! Sphynx Cat Breed Information, Pictures, Characteristics & FactsInitiate Gallery ",5,1,2,4,5,5,2,4
74,Thai,50,https://cattime.com/assets/uploads/2020/02/thai-cat-breed-pictures-cover.jpg,https://cattime.com/cat-breeds/thai,"The Thai cat is a natural breed of cat, which means they developed without the need for human intervention. These felines are known for being sociable, talkative, and friendly.Thai cats are also called Wichienmaat or Old-Style Siamese cats. You may find them in shelters and rescues, so remember to always adopt! Don’t shop if you’re looking to add a Thai to your home!The Thai cat breed comes from Thailand, as you may have guessed from the name. These felines are super sociable, and they’ll always seek out company. So this is not the cat for a household where they’ll be left alone for long periods of the day. Thai cats also have a strong affectionate side and will love to cuddle up on the couch with the humans in their lives.See all Thai cat breed characteristics below!Thai Cat Breed Pictures Thai Cat Breed Pictures, Characteristics, & FactsInitiate Gallery Additional articles that will interest you:Best Cat NamesKittens & What To ExpectBrain Games For Your CatIndoor Exercise For CatsCat ToysCat CarriersChoosing A VeterinarianCat Food And Nutrition",4,2,4,4,5,4,4,5
75,Thai Lilac,50,https://cattime.com/assets/uploads/2020/02/thai-lilac-cat-breed-pictures-COVER-1.jpg,https://cattime.com/cat-breeds/thai-lilac,"The Thai Lilac is a natural cat breed cat, which means they developed without the need for human intervention. These felines are known for being sociable, talkative, and playful.As you may have guess from the name, Thai Lilacs come from Thailand. The “lilac” part of the breed’s name refers to their coat color. You may find them in shelters and rescues, so remember to always adopt! Don’t shop if you’re looking to add one of these kitties to your home!On a day-to-day basis, this breed behaves almost exactly the same as the related Korat cat–which means they’re very people-focused felines who love to be around humans. If you want a sweet cat who’s affectionate with just about everybody, this may be your new best friend.See all Thai Lilac cat breed characteristics below!Thai Lilac Cat Breed Picture (Picture Credit: Shirlaine Forrest/WireImage/Getty Images)Additional articles that will interest you:Best Cat NamesKittens & What To ExpectBrain Games For Your CatIndoor Exercise For CatsCat ToysCat CarriersChoosing A VeterinarianCat Food And Nutrition",4,2,4,4,5,4,4,5
76,Tonkinese,21,https://cattime.com/assets/uploads/2011/12/file_2694_Tonkinese-cat-breed.jpg,https://cattime.com/cat-breeds/tonkinese-cats,"If you think of cats as being aloof and independent, it’s only because you haven’t yet met a Tonkinese.See all Tonkinese characteristics below! Tonkinese Cat Breed Information, Pictures, Characteristics & FactsInitiate Gallery ",5,2,2,5,1,5,3,4
77,Toyger,50,https://cattime.com/assets/uploads/2019/11/toyger-mixed-cat-breed-pictures-cover.jpg,https://cattime.com/cat-breeds/toyger,"The Toyger is a mixed breed cat–a cross between the Bengal breed and Domestic Shorthair tabbies. Affectionate, energetic and playful, these kitties inherited some of the best qualities from both of their parents.You may find these mixed breed cats in shelters and breed specific rescues, so remember to always adopt! Don’t shop if you’re looking to add one of these kitties to your home!Toygers make excellent family cats. Once you see the mixed breed prowling around your home, it will seem like you have a miniature tiger living with you! But while this feline is muscular and athletic, they’re also a very loving and cuddle-some kitty.See all Toyger mixed cat breed characteristics below!Toyger Mixed Cat Breed Pictures Toyger Mixed Cat Breed Pictures, Characteristics, & FactsInitiate Gallery Additional articles that will interest you:Best Cat NamesKittens & What To ExpectBrain Games For Your CatIndoor Exercise For CatsCat ToysCat CarriersChoosing A VeterinarianCat Food And Nutrition",5,1,3,4,4,4,4,4
78,Turkish Angora,35,https://cattime.com/assets/uploads/2011/12/file_2748_turkish-angora-460x290-460x290.jpg,https://cattime.com/cat-breeds/turkish-angora-cats,"Once the Turkish Angora gets an idea into his head, it can be difficult to change his mind about how he should behave, but he is so charming that you probably won’t care.See all Turkish Angora characteristics below! Turkish Angora Cat Breed Information, Pictures, Characteristics & FactsInitiate Gallery ",5,2,3,5,3,4,4,4
79,Turkish Van,44,https://cattime.com/assets/uploads/2011/12/file_2742_turkish-van-cat-breed.jpg,https://cattime.com/cat-breeds/turkish-van-cats,"He’s not much of a lap cat, but the Van will be happy to cuddle next to you and sleep in your bed.See all Turkish Van characteristics below! Turkish Van Cat Breed Information, Pictures, Characteristics & FactsInitiate Gallery ",3,2,4,4,3,2,4,5
80,Ukrainian Levkoy,50,https://cattime.com/assets/uploads/2020/02/ukrainian-levkoy-mixed-cat-breed-pictures-cover.jpg,https://cattime.com/cat-breeds/ukrainian-levkoy,"The Ukrainian Levkoy is a mixed breed cat–a cross between the Donskoy and Scottish Fold breeds. These felines are known for being inquisitive, playful, and affectionate.You may find these cats in shelters and rescues, so remember to adopt! Don’t shop if you’re looking to add one of these cats to your home!The Ukrainian Levkoy is an almost hairless mixed breed that originated in Russia. On a day to day basis, these cats make excellent household pets, especially because they love to hang around and play with children. They also do well in smaller living environments, making them a good fit for apartment dwellers. Just remember that a hairless cat can require a little more in the way of maintenance than a short or long-haired kitty.See all Ukrainian Levkoy mixed cat breed characteristics below!Ukrainian Levkoy Mixed Cat Breed Pictures Ukrainian Levkoy Mixed Cat Breed Pictures, Characteristics, & FactsInitiate Gallery More articles that will interest you:Best Cat NamesKittens & What To ExpectBrain Games For Your CatIndoor Exercise For CatsCat ToysCat CarriersChoosing A VeterinarianCat Food And Nutrition",5,1,3,4,3,5,4,2
81,York Chocolate,50,https://cattime.com/assets/uploads/2020/02/york-chocolate-cat-breed-pictures-cover.jpg,https://cattime.com/cat-breeds/york-chocolate,"The York Chocolate cat breed developed when a black-and-white-spotted farm cat mated with a long-haired, black feline and produced a brown kitten. These felines are known for being social, affectionate, and playful.You can find these cats in shelters and rescues, so remember to always adopt! Don’t shop if you’re looking to add a York Chocolate to your home!York Chocolates will fit perfectly in a busy household that already has kids or other cats living in it. Due to the breed’s farm heritage, these cats are excellent hunters–whether they set their sights on actual vermin or cat toys. They will often follow their humans around from room to room, and many of them also seem very obsessed with water!See all York Chocolate cat breed characteristics below!York Chocolate Cat Breed Picture (Picture Credit: Michael Kulcsar / EyeEm/Getty Images)Additional articles that will interest you:Best Cat NamesKittens & What To ExpectBrain Games For Your CatIndoor Exercise For CatsCat ToysCat CarriersChoosing A VeterinarianCat Food And Nutrition",4,4,3,4,4,4,3,2